src_ip,dest_ip,timestamp,src_port,dest_port,proto
200.51.43.5,192.168.1.247,2024-05-07T23:01:01.346692+0200,53,3440,UDP
200.51.43.5,192.168.1.247,2024-05-07T23:01:01.348949+0200,53,2898,UDP
200.51.43.5,192.168.1.247,2024-05-07T23:01:01.350065+0200,53,2901,UDP
200.51.43.5,192.168.1.247,2024-05-07T23:01:01.394828+0200,53,1107,UDP
200.51.43.5,192.168.1.247,2024-05-07T23:01:01.396064+0200,53,2900,UDP
200.51.43.5,192.168.1.243,2024-05-07T23:01:01.877646+0200,53,2530,UDP
200.51.43.5,192.168.1.243,2024-05-07T23:01:01.878908+0200,53,2531,UDP
200.51.43.5,192.168.1.243,2024-05-07T23:01:01.880108+0200,53,2532,UDP
200.51.43.5,192.168.1.243,2024-05-07T23:01:01.895826+0200,53,2533,UDP
200.51.43.5,192.168.1.243,2024-05-07T23:01:01.899542+0200,53,3476,UDP
200.51.43.5,192.168.1.247,2024-05-07T23:01:02.027878+0200,53,2898,UDP
200.51.43.5,192.168.1.247,2024-05-07T23:01:02.027912+0200,53,3429,UDP
200.51.43.5,192.168.1.247,2024-05-07T23:01:02.031921+0200,53,3440,UDP
200.51.43.5,192.168.1.247,2024-05-07T23:01:02.061983+0200,53,1028,UDP
200.51.43.5,192.168.1.238,2024-05-07T23:01:02.279968+0200,53,1130,UDP
200.51.43.5,192.168.1.238,2024-05-07T23:01:02.303644+0200,53,3659,UDP
200.51.43.5,192.168.1.247,2024-05-07T23:01:02.710612+0200,53,2900,UDP
200.51.43.5,192.168.1.247,2024-05-07T23:01:02.715403+0200,53,2901,UDP
200.51.43.5,192.168.1.247,2024-05-07T23:01:02.716574+0200,53,3429,UDP
200.51.43.5,192.168.1.247,2024-05-07T23:01:02.717721+0200,53,1028,UDP
200.51.43.5,192.168.1.243,2024-05-07T23:01:02.861964+0200,53,2530,UDP
200.51.43.5,192.168.1.238,2024-05-07T23:01:02.958611+0200,53,3659,UDP
200.51.43.5,192.168.1.238,2024-05-07T23:01:02.978539+0200,53,1130,UDP
200.51.43.5,192.168.1.238,2024-05-07T23:01:02.982138+0200,53,3663,UDP
200.51.43.5,192.168.1.236,2024-05-07T23:01:02.995592+0200,53,1078,UDP
200.51.43.5,192.168.1.236,2024-05-07T23:01:02.997922+0200,53,3385,UDP
200.51.43.5,192.168.1.238,2024-05-07T23:01:03.000460+0200,53,3661,UDP
200.51.43.5,192.168.1.238,2024-05-07T23:01:03.009724+0200,53,1025,UDP
200.51.43.5,192.168.1.236,2024-05-07T23:01:03.031585+0200,53,2576,UDP
200.51.43.5,192.168.1.236,2024-05-07T23:01:03.031608+0200,53,4904,UDP
200.51.43.5,192.168.1.239,2024-05-07T23:01:03.237412+0200,53,1447,UDP
200.51.43.5,192.168.1.239,2024-05-07T23:01:03.256705+0200,53,3975,UDP
200.51.43.5,192.168.1.239,2024-05-07T23:01:03.259231+0200,53,2565,UDP
200.51.43.5,192.168.1.239,2024-05-07T23:01:03.280760+0200,53,3985,UDP
200.51.43.5,192.168.1.247,2024-05-07T23:01:03.466186+0200,53,3440,UDP
200.51.43.5,192.168.1.247,2024-05-07T23:01:03.466084+0200,53,3369,UDP
200.51.43.5,192.168.1.9,2024-05-07T23:01:03.492530+0200,53,3662,UDP
200.51.43.5,192.168.1.9,2024-05-07T23:01:03.492557+0200,53,3663,UDP
200.51.43.5,192.168.1.9,2024-05-07T23:01:03.492255+0200,53,3660,UDP
200.51.43.5,192.168.1.9,2024-05-07T23:01:03.492200+0200,53,3294,UDP
200.51.43.5,192.168.1.247,2024-05-07T23:01:03.496962+0200,53,1107,UDP
200.51.43.5,192.168.1.9,2024-05-07T23:01:03.510641+0200,53,3294,UDP
200.51.43.5,192.168.1.247,2024-05-07T23:01:03.532311+0200,53,1028,UDP
200.51.43.5,192.168.1.243,2024-05-07T23:01:03.582480+0200,53,1703,UDP
200.51.43.5,192.168.1.243,2024-05-07T23:01:03.601598+0200,53,1109,UDP
200.51.43.5,192.168.1.243,2024-05-07T23:01:03.606175+0200,53,2530,UDP
200.51.43.5,192.168.1.243,2024-05-07T23:01:03.609510+0200,53,1028,UDP
200.51.43.5,192.168.1.238,2024-05-07T23:01:03.727718+0200,53,3656,UDP
200.51.43.5,192.168.1.236,2024-05-07T23:01:03.741357+0200,53,2567,UDP
200.51.43.5,192.168.1.236,2024-05-07T23:01:03.742501+0200,53,2576,UDP
200.51.43.5,192.168.1.238,2024-05-07T23:01:03.748351+0200,53,3658,UDP
200.51.43.5,192.168.1.238,2024-05-07T23:01:03.748359+0200,53,3662,UDP
200.51.43.5,192.168.1.236,2024-05-07T23:01:03.765944+0200,53,3384,UDP
200.51.43.5,192.168.1.236,2024-05-07T23:01:03.771909+0200,53,1028,UDP
200.51.43.5,192.168.1.239,2024-05-07T23:01:03.981947+0200,53,4006,UDP
200.51.43.5,192.168.1.239,2024-05-07T23:01:03.983175+0200,53,1139,UDP
200.51.43.5,192.168.1.239,2024-05-07T23:01:04.002822+0200,53,2566,UDP
200.51.43.5,192.168.1.239,2024-05-07T23:01:04.026675+0200,53,2565,UDP
200.51.43.5,192.168.1.242,2024-05-07T23:01:04.122643+0200,53,1129,UDP
200.51.43.5,192.168.1.242,2024-05-07T23:01:04.152212+0200,53,3662,UDP
200.51.43.5,192.168.1.71,2024-05-07T23:01:04.233006+0200,53,3668,UDP
200.51.43.5,192.168.1.71,2024-05-07T23:01:04.255145+0200,53,3666,UDP
200.51.43.5,192.168.1.247,2024-05-07T23:01:04.259953+0200,53,3440,UDP
200.51.43.5,192.168.1.71,2024-05-07T23:01:04.261181+0200,53,3664,UDP
200.51.43.5,192.168.1.9,2024-05-07T23:01:04.275670+0200,53,3661,UDP
200.51.43.5,192.168.1.9,2024-05-07T23:01:04.275637+0200,53,1031,UDP
200.51.43.5,192.168.1.9,2024-05-07T23:01:04.275940+0200,53,3673,UDP
200.51.43.5,192.168.1.71,2024-05-07T23:01:04.280162+0200,53,3663,UDP
200.51.43.5,192.168.1.247,2024-05-07T23:01:04.283877+0200,53,2899,UDP
200.51.43.5,192.168.1.9,2024-05-07T23:01:04.303745+0200,53,3660,UDP
200.51.43.5,192.168.1.91,2024-05-07T23:01:04.307310+0200,53,4508,UDP
200.51.43.5,192.168.1.247,2024-05-07T23:01:04.311790+0200,53,3429,UDP
200.51.43.5,192.168.1.9,2024-05-07T23:01:04.327807+0200,53,3662,UDP
200.51.43.5,192.168.1.91,2024-05-07T23:01:04.355350+0200,53,4510,UDP
200.51.43.5,192.168.1.243,2024-05-07T23:01:04.431577+0200,53,3488,UDP
200.51.43.5,192.168.1.238,2024-05-07T23:01:04.527301+0200,53,1130,UDP
200.51.43.5,192.168.1.238,2024-05-07T23:01:04.528496+0200,53,3659,UDP
200.51.43.5,192.168.1.238,2024-05-07T23:01:04.529686+0200,53,3658,UDP
200.51.43.5,192.168.1.238,2024-05-07T23:01:04.546860+0200,53,3661,UDP
200.51.43.5,192.168.1.236,2024-05-07T23:01:04.564625+0200,53,4904,UDP
200.51.43.5,192.168.1.238,2024-05-07T23:01:04.572460+0200,53,3663,UDP
200.51.43.5,192.168.1.238,2024-05-07T23:01:04.572486+0200,53,1025,UDP
200.51.43.5,192.168.1.236,2024-05-07T23:01:04.589439+0200,53,3393,UDP
200.51.43.5,192.168.1.236,2024-05-07T23:01:04.595233+0200,53,1078,UDP
200.51.43.5,192.168.1.236,2024-05-07T23:01:04.596313+0200,53,1100,UDP
200.51.43.5,192.168.1.236,2024-05-07T23:01:04.620227+0200,53,2567,UDP
200.51.43.5,192.168.1.239,2024-05-07T23:01:04.830182+0200,53,2566,UDP
200.51.43.5,192.168.1.239,2024-05-07T23:01:04.831443+0200,53,1447,UDP
200.51.43.5,192.168.1.239,2024-05-07T23:01:04.832613+0200,53,1028,UDP
200.51.43.5,192.168.1.239,2024-05-07T23:01:04.881621+0200,53,3975,UDP
200.51.43.5,192.168.1.71,2024-05-07T23:01:05.007784+0200,53,3665,UDP
200.51.43.5,192.168.1.71,2024-05-07T23:01:05.007901+0200,53,1029,UDP
200.51.43.5,192.168.1.71,2024-05-07T23:01:05.007941+0200,53,3009,UDP
200.51.43.5,192.168.1.71,2024-05-07T23:01:05.007798+0200,53,3668,UDP
200.51.43.5,192.168.1.9,2024-05-07T23:01:05.031624+0200,53,1031,UDP
200.51.43.5,192.168.1.9,2024-05-07T23:01:05.032272+0200,53,3662,UDP
200.51.43.5,192.168.1.9,2024-05-07T23:01:05.032257+0200,53,3660,UDP
200.51.43.5,192.168.1.71,2024-05-07T23:01:05.032400+0200,53,3664,UDP
200.51.43.5,192.168.1.71,2024-05-07T23:01:05.039232+0200,53,3666,UDP
200.51.43.5,192.168.1.71,2024-05-07T23:01:05.058355+0200,53,3667,UDP
200.51.43.5,192.168.1.71,2024-05-07T23:01:05.064147+0200,53,3669,UDP
200.51.43.5,192.168.1.242,2024-05-07T23:01:05.067482+0200,53,3662,UDP
200.51.43.5,192.168.1.242,2024-05-07T23:01:05.068635+0200,53,3661,UDP
200.51.43.5,192.168.1.242,2024-05-07T23:01:05.073006+0200,53,3660,UDP
200.51.43.5,192.168.1.9,2024-05-07T23:01:05.091052+0200,53,3663,UDP
200.51.43.5,192.168.1.91,2024-05-07T23:01:05.098007+0200,53,2675,UDP
200.51.43.5,192.168.1.91,2024-05-07T23:01:05.098137+0200,53,4508,UDP
200.51.43.5,192.168.1.91,2024-05-07T23:01:05.098401+0200,53,1152,UDP
200.51.43.5,192.168.1.91,2024-05-07T23:01:05.098577+0200,53,4648,UDP
200.51.43.5,192.168.1.91,2024-05-07T23:01:05.098685+0200,53,4510,UDP
200.51.43.5,192.168.1.247,2024-05-07T23:01:05.105346+0200,53,1028,UDP
200.51.43.5,192.168.1.247,2024-05-07T23:01:05.108643+0200,53,3429,UDP
200.51.43.5,192.168.1.247,2024-05-07T23:01:05.129183+0200,53,2898,UDP
200.51.43.5,192.168.1.242,2024-05-07T23:01:05.137762+0200,53,1025,UDP
200.51.43.5,192.168.1.242,2024-05-07T23:01:05.146516+0200,53,3664,UDP
200.51.43.5,192.168.1.91,2024-05-07T23:01:05.155706+0200,53,4506,UDP
200.51.43.5,192.168.1.91,2024-05-07T23:01:05.163296+0200,53,4509,UDP
200.51.43.5,192.168.1.247,2024-05-07T23:01:05.164239+0200,53,2899,UDP
200.51.43.5,192.168.1.243,2024-05-07T23:01:05.256600+0200,53,1109,UDP
200.51.43.5,192.168.1.243,2024-05-07T23:01:05.260363+0200,53,2529,UDP
200.51.43.5,192.168.1.243,2024-05-07T23:01:05.264151+0200,53,2530,UDP
200.51.43.5,192.168.1.243,2024-05-07T23:01:05.315864+0200,53,1703,UDP
200.51.43.5,192.168.1.238,2024-05-07T23:01:05.369882+0200,53,3659,UDP
200.51.43.5,192.168.1.238,2024-05-07T23:01:05.369921+0200,53,3658,UDP
200.51.43.5,192.168.1.238,2024-05-07T23:01:05.371045+0200,53,3657,UDP
200.51.43.5,192.168.1.238,2024-05-07T23:01:05.372160+0200,53,3663,UDP
200.51.43.5,192.168.1.236,2024-05-07T23:01:05.387495+0200,53,3385,UDP
200.51.43.5,192.168.1.236,2024-05-07T23:01:05.388776+0200,53,3384,UDP
200.51.43.5,192.168.1.236,2024-05-07T23:01:05.391448+0200,53,1028,UDP
200.51.43.5,192.168.1.238,2024-05-07T23:01:05.403102+0200,53,1025,UDP
200.51.43.5,192.168.1.238,2024-05-07T23:01:05.420364+0200,53,1130,UDP
200.51.43.5,192.168.1.236,2024-05-07T23:01:05.443901+0200,53,1100,UDP
200.51.43.5,192.168.1.239,2024-05-07T23:01:05.685896+0200,53,2564,UDP
200.51.43.5,192.168.1.239,2024-05-07T23:01:05.706810+0200,53,4006,UDP
200.51.43.5,192.168.1.239,2024-05-07T23:01:05.708270+0200,53,2566,UDP
200.51.43.5,192.168.1.239,2024-05-07T23:01:05.725882+0200,53,2565,UDP
200.51.43.5,192.168.1.71,2024-05-07T23:01:05.802116+0200,53,3669,UDP
200.51.43.5,192.168.1.9,2024-05-07T23:01:05.820122+0200,53,3662,UDP
200.51.43.5,192.168.1.9,2024-05-07T23:01:05.820127+0200,53,3294,UDP
200.51.43.5,192.168.1.9,2024-05-07T23:01:05.820136+0200,53,3664,UDP
200.51.43.5,192.168.1.71,2024-05-07T23:01:05.844425+0200,53,3009,UDP
200.51.43.5,192.168.1.91,2024-05-07T23:01:05.850449+0200,53,2675,UDP
200.51.43.5,192.168.1.91,2024-05-07T23:01:05.850437+0200,53,1152,UDP
200.51.43.5,192.168.1.91,2024-05-07T23:01:05.850637+0200,53,4508,UDP
200.51.43.5,192.168.1.91,2024-05-07T23:01:05.850562+0200,53,1028,UDP
200.51.43.5,192.168.1.9,2024-05-07T23:01:05.865722+0200,53,3663,UDP
200.51.43.5,192.168.1.242,2024-05-07T23:01:05.866832+0200,53,3662,UDP
200.51.43.5,192.168.1.242,2024-05-07T23:01:05.867978+0200,53,3667,UDP
200.51.43.5,192.168.1.242,2024-05-07T23:01:05.870189+0200,53,1025,UDP
200.51.43.5,192.168.1.91,2024-05-07T23:01:05.879637+0200,53,4509,UDP
200.51.43.5,192.168.1.247,2024-05-07T23:01:05.902983+0200,53,1107,UDP
200.51.43.5,192.168.1.247,2024-05-07T23:01:05.903020+0200,53,1028,UDP
200.51.43.5,192.168.1.247,2024-05-07T23:01:05.907002+0200,53,3440,UDP
200.51.43.5,192.168.1.247,2024-05-07T23:01:05.907101+0200,53,2900,UDP
200.51.43.5,192.168.1.247,2024-05-07T23:01:05.908427+0200,53,2901,UDP
200.51.43.5,192.168.1.247,2024-05-07T23:01:05.930574+0200,53,3429,UDP
200.51.43.5,192.168.1.243,2024-05-07T23:01:06.033110+0200,53,1109,UDP
200.51.43.5,192.168.1.243,2024-05-07T23:01:06.034483+0200,53,3476,UDP
200.51.43.5,192.168.1.243,2024-05-07T23:01:06.035866+0200,53,2532,UDP
200.51.43.5,192.168.1.243,2024-05-07T23:01:06.037249+0200,53,2533,UDP
200.51.43.5,192.168.1.243,2024-05-07T23:01:06.064626+0200,53,1028,UDP
200.51.43.5,192.168.1.238,2024-05-07T23:01:06.121312+0200,53,3658,UDP
200.51.43.5,192.168.1.238,2024-05-07T23:01:06.122833+0200,53,3663,UDP
200.51.43.5,192.168.1.238,2024-05-07T23:01:06.125533+0200,53,3660,UDP
200.51.43.5,192.168.1.238,2024-05-07T23:01:06.126850+0200,53,1130,UDP
200.51.43.5,192.168.1.245,2024-05-07T23:01:06.248433+0200,53,3667,UDP
200.51.43.5,192.168.1.245,2024-05-07T23:01:06.248395+0200,53,3666,UDP
200.51.43.5,192.168.1.245,2024-05-07T23:01:06.248480+0200,53,3668,UDP
200.51.43.5,192.168.1.236,2024-05-07T23:01:06.256741+0200,53,1028,UDP
200.51.43.5,192.168.1.236,2024-05-07T23:01:06.261874+0200,53,1100,UDP
200.51.43.5,192.168.1.236,2024-05-07T23:01:06.290820+0200,53,1078,UDP
200.51.43.5,192.168.1.239,2024-05-07T23:01:06.497169+0200,53,3975,UDP
200.51.43.5,192.168.1.239,2024-05-07T23:01:06.498289+0200,53,1139,UDP
200.51.43.5,192.168.1.239,2024-05-07T23:01:06.499527+0200,53,1447,UDP
200.51.43.5,192.168.1.239,2024-05-07T23:01:06.500784+0200,53,3985,UDP
200.51.43.5,192.168.1.239,2024-05-07T23:01:06.503049+0200,53,2564,UDP
200.51.43.5,192.168.1.91,2024-05-07T23:01:06.582869+0200,53,4648,UDP
200.51.43.5,192.168.1.91,2024-05-07T23:01:06.582883+0200,53,4510,UDP
200.51.43.5,192.168.1.91,2024-05-07T23:01:06.582875+0200,53,2666,UDP
200.51.43.5,192.168.1.9,2024-05-07T23:01:06.590627+0200,53,3661,UDP
200.51.43.5,192.168.1.9,2024-05-07T23:01:06.590616+0200,53,1031,UDP
200.51.43.5,192.168.1.9,2024-05-07T23:01:06.590651+0200,53,3660,UDP
200.51.43.5,192.168.1.9,2024-05-07T23:01:06.590639+0200,53,3664,UDP
200.51.43.5,192.168.1.71,2024-05-07T23:01:06.602589+0200,53,3670,UDP
200.51.43.5,192.168.1.71,2024-05-07T23:01:06.602685+0200,53,3663,UDP
200.51.43.5,192.168.1.71,2024-05-07T23:01:06.602753+0200,53,3665,UDP
200.51.43.5,192.168.1.91,2024-05-07T23:01:06.604636+0200,53,4507,UDP
200.51.43.5,192.168.1.242,2024-05-07T23:01:06.628682+0200,53,3661,UDP
200.51.43.5,192.168.1.242,2024-05-07T23:01:06.628802+0200,53,3667,UDP
200.51.43.5,192.168.1.242,2024-05-07T23:01:06.630172+0200,53,1129,UDP
200.51.43.5,192.168.1.242,2024-05-07T23:01:06.631325+0200,53,3664,UDP
200.51.43.5,192.168.1.242,2024-05-07T23:01:06.633628+0200,53,3663,UDP
200.51.43.5,192.168.1.242,2024-05-07T23:01:06.655283+0200,53,3666,UDP
200.51.43.5,192.168.1.247,2024-05-07T23:01:06.670583+0200,53,1028,UDP
200.51.43.5,192.168.1.247,2024-05-07T23:01:06.672995+0200,53,3440,UDP
200.51.43.5,192.168.1.243,2024-05-07T23:01:06.817438+0200,53,1703,UDP
200.51.43.5,192.168.1.243,2024-05-07T23:01:06.820967+0200,53,3488,UDP
200.51.43.5,192.168.1.243,2024-05-07T23:01:06.823874+0200,53,2530,UDP
200.51.43.5,192.168.1.243,2024-05-07T23:01:06.847862+0200,53,3476,UDP
200.51.43.5,192.168.1.243,2024-05-07T23:01:06.849001+0200,53,2531,UDP
200.51.43.5,192.168.1.238,2024-05-07T23:01:06.894515+0200,53,1130,UDP
200.51.43.5,192.168.1.238,2024-05-07T23:01:06.899332+0200,53,3661,UDP
200.51.43.5,192.168.1.238,2024-05-07T23:01:06.900686+0200,53,1025,UDP
200.51.43.5,192.168.1.238,2024-05-07T23:01:06.901928+0200,53,3658,UDP
200.51.43.5,192.168.1.238,2024-05-07T23:01:06.904480+0200,53,3663,UDP
200.51.43.5,192.168.1.245,2024-05-07T23:01:06.987805+0200,53,1025,UDP
200.51.43.5,192.168.1.245,2024-05-07T23:01:06.988976+0200,53,3665,UDP
200.51.43.5,192.168.1.245,2024-05-07T23:01:06.990209+0200,53,3668,UDP
200.51.43.5,192.168.1.245,2024-05-07T23:01:06.993857+0200,53,3662,UDP
200.51.43.5,192.168.1.245,2024-05-07T23:01:06.993708+0200,53,3663,UDP
200.51.43.5,192.168.1.245,2024-05-07T23:01:06.994017+0200,53,3664,UDP
200.51.43.5,192.168.1.245,2024-05-07T23:01:06.994536+0200,53,3666,UDP
200.51.43.5,192.168.1.236,2024-05-07T23:01:07.034099+0200,53,3384,UDP
200.51.43.5,192.168.1.239,2024-05-07T23:01:07.264670+0200,53,1139,UDP
200.51.43.5,192.168.1.239,2024-05-07T23:01:07.267623+0200,53,4006,UDP
200.51.43.5,192.168.1.239,2024-05-07T23:01:07.315630+0200,53,1028,UDP
200.51.43.5,192.168.1.91,2024-05-07T23:01:07.339011+0200,53,4648,UDP
200.51.43.5,192.168.1.91,2024-05-07T23:01:07.339019+0200,53,4509,UDP
200.51.43.5,192.168.1.9,2024-05-07T23:01:07.341659+0200,53,3662,UDP
200.51.43.5,192.168.1.9,2024-05-07T23:01:07.341751+0200,53,3660,UDP
200.51.43.5,192.168.1.9,2024-05-07T23:01:07.341634+0200,53,3294,UDP
200.51.43.5,192.168.1.9,2024-05-07T23:01:07.341773+0200,53,3666,UDP
200.51.43.5,192.168.1.71,2024-05-07T23:01:07.374683+0200,53,3668,UDP
200.51.43.5,192.168.1.71,2024-05-07T23:01:07.374668+0200,53,3666,UDP
200.51.43.5,192.168.1.71,2024-05-07T23:01:07.396798+0200,53,1029,UDP
200.51.43.5,192.168.1.71,2024-05-07T23:01:07.396842+0200,53,3663,UDP
200.51.43.5,192.168.1.242,2024-05-07T23:01:07.408717+0200,53,3662,UDP
200.51.43.5,192.168.1.242,2024-05-07T23:01:07.410005+0200,53,3666,UDP
200.51.43.5,192.168.1.247,2024-05-07T23:01:07.419988+0200,53,3440,UDP
200.51.43.5,192.168.1.247,2024-05-07T23:01:07.423971+0200,53,1107,UDP
200.51.43.5,192.168.1.247,2024-05-07T23:01:07.426456+0200,53,2900,UDP
200.51.43.5,192.168.1.242,2024-05-07T23:01:07.446526+0200,53,3661,UDP
200.51.43.5,192.168.1.242,2024-05-07T23:01:07.449428+0200,53,3665,UDP
200.51.43.5,192.168.1.243,2024-05-07T23:01:07.621695+0200,53,1703,UDP
200.51.43.5,192.168.1.243,2024-05-07T23:01:07.621727+0200,53,2532,UDP
200.51.43.5,192.168.1.243,2024-05-07T23:01:07.622859+0200,53,3476,UDP
200.51.43.5,192.168.1.243,2024-05-07T23:01:07.649255+0200,53,1109,UDP
200.51.43.5,192.168.1.243,2024-05-07T23:01:07.653854+0200,53,1028,UDP
200.51.43.5,192.168.1.238,2024-05-07T23:01:07.671732+0200,53,3656,UDP
200.51.43.5,192.168.1.238,2024-05-07T23:01:07.674317+0200,53,3657,UDP
200.51.43.5,192.168.1.238,2024-05-07T23:01:07.676913+0200,53,3661,UDP
200.51.43.5,192.168.1.238,2024-05-07T23:01:07.678187+0200,53,3659,UDP
200.51.43.5,192.168.1.238,2024-05-07T23:01:07.698653+0200,53,3662,UDP
200.51.43.5,192.168.1.238,2024-05-07T23:01:07.700139+0200,53,3663,UDP
200.51.43.5,192.168.1.245,2024-05-07T23:01:07.758581+0200,53,3663,UDP
200.51.43.5,192.168.1.245,2024-05-07T23:01:07.759750+0200,53,3669,UDP
200.51.43.5,192.168.1.245,2024-05-07T23:01:07.760869+0200,53,3662,UDP
200.51.43.5,192.168.1.245,2024-05-07T23:01:07.762094+0200,53,1025,UDP
200.51.43.5,192.168.1.245,2024-05-07T23:01:07.763290+0200,53,1133,UDP
200.51.43.5,192.168.1.245,2024-05-07T23:01:07.786051+0200,53,3668,UDP
200.51.43.5,192.168.1.236,2024-05-07T23:01:07.807315+0200,53,3385,UDP
200.51.43.5,192.168.1.236,2024-05-07T23:01:07.831784+0200,53,2567,UDP
200.51.43.5,192.168.1.236,2024-05-07T23:01:07.836387+0200,53,1078,UDP
200.51.43.5,192.168.1.239,2024-05-07T23:01:08.058862+0200,53,1028,UDP
200.51.43.5,192.168.1.239,2024-05-07T23:01:08.061458+0200,53,3975,UDP
200.51.43.5,192.168.1.9,2024-05-07T23:01:08.079227+0200,53,3665,UDP
200.51.43.5,192.168.1.9,2024-05-07T23:01:08.079197+0200,53,3666,UDP
200.51.43.5,192.168.1.239,2024-05-07T23:01:08.084601+0200,53,1447,UDP
200.51.43.5,192.168.1.239,2024-05-07T23:01:08.090808+0200,53,2566,UDP
200.51.43.5,192.168.1.239,2024-05-07T23:01:08.093419+0200,53,1139,UDP
200.51.43.5,192.168.1.9,2024-05-07T23:01:08.103572+0200,53,3660,UDP
200.51.43.5,192.168.1.9,2024-05-07T23:01:08.103601+0200,53,3673,UDP
200.51.43.5,192.168.1.9,2024-05-07T23:01:08.107275+0200,53,3664,UDP
200.51.43.5,192.168.1.91,2024-05-07T23:01:08.141934+0200,53,1152,UDP
200.51.43.5,192.168.1.71,2024-05-07T23:01:08.152261+0200,53,3665,UDP
200.51.43.5,192.168.1.242,2024-05-07T23:01:08.159460+0200,53,3666,UDP
200.51.43.5,192.168.1.247,2024-05-07T23:01:08.167420+0200,53,2901,UDP
200.51.43.5,192.168.1.91,2024-05-07T23:01:08.168727+0200,53,4510,UDP
200.51.43.5,192.168.1.91,2024-05-07T23:01:08.176092+0200,53,2666,UDP
200.51.43.5,192.168.1.71,2024-05-07T23:01:08.191690+0200,53,3669,UDP
200.51.43.5,192.168.1.242,2024-05-07T23:01:08.201262+0200,53,3660,UDP
200.51.43.5,192.168.1.247,2024-05-07T23:01:08.204705+0200,53,2900,UDP
200.51.43.5,192.168.1.242,2024-05-07T23:01:08.204751+0200,53,3665,UDP
200.51.43.5,192.168.1.243,2024-05-07T23:01:08.349923+0200,53,2530,UDP
200.51.43.5,192.168.1.243,2024-05-07T23:01:08.351195+0200,53,2532,UDP
200.51.43.5,192.168.1.243,2024-05-07T23:01:08.380512+0200,53,2533,UDP
200.51.43.5,192.168.1.243,2024-05-07T23:01:08.384071+0200,53,1703,UDP
200.51.43.5,192.168.1.243,2024-05-07T23:01:08.385840+0200,53,1028,UDP
200.51.43.5,192.168.1.238,2024-05-07T23:01:08.469834+0200,53,3658,UDP
200.51.43.5,192.168.1.238,2024-05-07T23:01:08.471154+0200,53,3662,UDP
200.51.43.5,192.168.1.238,2024-05-07T23:01:08.488682+0200,53,3656,UDP
200.51.43.5,192.168.1.245,2024-05-07T23:01:08.497209+0200,53,3665,UDP
200.51.43.5,192.168.1.245,2024-05-07T23:01:08.498523+0200,53,3664,UDP
200.51.43.5,192.168.1.245,2024-05-07T23:01:08.499821+0200,53,1133,UDP
200.51.43.5,192.168.1.245,2024-05-07T23:01:08.502557+0200,53,3666,UDP
200.51.43.5,192.168.1.245,2024-05-07T23:01:08.502493+0200,53,3669,UDP
200.51.43.5,192.168.1.9,2024-05-07T23:01:08.784034+0200,53,3663,UDP
200.51.43.5,192.168.1.9,2024-05-07T23:01:08.804187+0200,53,3294,UDP
200.51.43.5,192.168.1.239,2024-05-07T23:01:08.816726+0200,53,4006,UDP
200.51.43.5,192.168.1.239,2024-05-07T23:01:08.819201+0200,53,3975,UDP
200.51.43.5,192.168.1.239,2024-05-07T23:01:08.819338+0200,53,1139,UDP
200.51.43.5,192.168.1.239,2024-05-07T23:01:08.819256+0200,53,1447,UDP
200.51.43.5,192.168.1.239,2024-05-07T23:01:08.819330+0200,53,2566,UDP
200.51.43.5,192.168.1.239,2024-05-07T23:01:08.840383+0200,53,2564,UDP
200.51.43.5,192.168.1.71,2024-05-07T23:01:08.855384+0200,53,3670,UDP
200.51.43.5,192.168.1.71,2024-05-07T23:01:08.855401+0200,53,3668,UDP
200.51.43.5,192.168.1.71,2024-05-07T23:01:08.855412+0200,53,1029,UDP
200.51.43.5,192.168.1.71,2024-05-07T23:01:08.855470+0200,53,3664,UDP
200.51.43.5,192.168.1.91,2024-05-07T23:01:08.867864+0200,53,4506,UDP
200.51.43.5,192.168.1.91,2024-05-07T23:01:08.867847+0200,53,4648,UDP
200.51.43.5,192.168.1.91,2024-05-07T23:01:08.867881+0200,53,4508,UDP
200.51.43.5,192.168.1.91,2024-05-07T23:01:08.867842+0200,53,1152,UDP
200.51.43.5,192.168.1.242,2024-05-07T23:01:08.889801+0200,53,1025,UDP
200.51.43.5,192.168.1.247,2024-05-07T23:01:08.894361+0200,53,2902,UDP
200.51.43.5,192.168.1.91,2024-05-07T23:01:08.902162+0200,53,2675,UDP
200.51.43.5,192.168.1.247,2024-05-07T23:01:08.920990+0200,53,3440,UDP
200.51.43.5,192.168.1.247,2024-05-07T23:01:08.922232+0200,53,3369,UDP
200.51.43.5,192.168.1.247,2024-05-07T23:01:08.923509+0200,53,3429,UDP
200.51.43.5,192.168.1.247,2024-05-07T23:01:08.932675+0200,53,2900,UDP
200.51.43.5,192.168.1.243,2024-05-07T23:01:09.070910+0200,53,1109,UDP
200.51.43.5,192.168.1.243,2024-05-07T23:01:09.072004+0200,53,2532,UDP
200.51.43.5,192.168.1.243,2024-05-07T23:01:09.072188+0200,53,3488,UDP
200.51.43.5,192.168.1.243,2024-05-07T23:01:09.073105+0200,53,3476,UDP
200.51.43.5,192.168.1.243,2024-05-07T23:01:09.078072+0200,53,1028,UDP
200.51.43.5,192.168.1.243,2024-05-07T23:01:09.099410+0200,53,2529,UDP
200.51.43.5,192.168.1.238,2024-05-07T23:01:09.193205+0200,53,3657,UDP
200.51.43.5,192.168.1.238,2024-05-07T23:01:09.195831+0200,53,3662,UDP
200.51.43.5,192.168.1.245,2024-05-07T23:01:09.210699+0200,53,3662,UDP
200.51.43.5,192.168.1.245,2024-05-07T23:01:09.211984+0200,53,1133,UDP
200.51.43.5,192.168.1.245,2024-05-07T23:01:09.212029+0200,53,3663,UDP
200.51.43.5,192.168.1.245,2024-05-07T23:01:09.213285+0200,53,3669,UDP
200.51.43.5,192.168.1.245,2024-05-07T23:01:09.215814+0200,53,3665,UDP
200.51.43.5,192.168.1.245,2024-05-07T23:01:09.217143+0200,53,3664,UDP
200.51.43.5,192.168.1.238,2024-05-07T23:01:09.232021+0200,53,1025,UDP
200.51.43.5,192.168.1.238,2024-05-07T23:01:09.237347+0200,53,3658,UDP
200.51.43.5,192.168.1.245,2024-05-07T23:01:09.251952+0200,53,3668,UDP
200.51.43.5,192.168.1.9,2024-05-07T23:01:09.523288+0200,53,3664,UDP
200.51.43.5,192.168.1.9,2024-05-07T23:01:09.523312+0200,53,3665,UDP
200.51.43.5,192.168.1.91,2024-05-07T23:01:09.573278+0200,53,4506,UDP
200.51.43.5,192.168.1.91,2024-05-07T23:01:09.573307+0200,53,2666,UDP
200.51.43.5,192.168.1.91,2024-05-07T23:01:09.573332+0200,53,2675,UDP
200.51.43.5,192.168.1.242,2024-05-07T23:01:09.610181+0200,53,3666,UDP
200.51.43.5,192.168.1.242,2024-05-07T23:01:09.615258+0200,53,3664,UDP
200.51.43.5,192.168.1.239,2024-05-07T23:01:09.618946+0200,53,2564,UDP
200.51.43.5,192.168.1.239,2024-05-07T23:01:09.620595+0200,53,3994,UDP
200.51.43.5,192.168.1.239,2024-05-07T23:01:09.621938+0200,53,2566,UDP
200.51.43.5,192.168.1.239,2024-05-07T23:01:09.621951+0200,53,1139,UDP
200.51.43.5,192.168.1.247,2024-05-07T23:01:09.650278+0200,53,2902,UDP
200.51.43.5,192.168.1.247,2024-05-07T23:01:09.652654+0200,53,3429,UDP
200.51.43.5,192.168.1.243,2024-05-07T23:01:09.808800+0200,53,2529,UDP
200.51.43.5,192.168.1.243,2024-05-07T23:01:09.826079+0200,53,1028,UDP
200.51.43.5,192.168.1.243,2024-05-07T23:01:09.828950+0200,53,3476,UDP
200.51.43.5,192.168.1.245,2024-05-07T23:01:09.925892+0200,53,3663,UDP
200.51.43.5,192.168.1.245,2024-05-07T23:01:09.927278+0200,53,3669,UDP
200.51.43.5,192.168.1.238,2024-05-07T23:01:09.952253+0200,53,3657,UDP
200.51.43.5,192.168.1.238,2024-05-07T23:01:09.953654+0200,53,1025,UDP
200.51.43.5,192.168.1.9,2024-05-07T23:01:10.211954+0200,53,3666,UDP
200.51.43.5,192.168.1.9,2024-05-07T23:01:10.231711+0200,53,1031,UDP
200.51.43.5,192.168.1.9,2024-05-07T23:01:10.231728+0200,53,3664,UDP
200.51.43.5,192.168.1.91,2024-05-07T23:01:10.279978+0200,53,4510,UDP
200.51.43.5,192.168.1.91,2024-05-07T23:01:10.279971+0200,53,4507,UDP
200.51.43.5,192.168.1.71,2024-05-07T23:01:10.291491+0200,53,3665,UDP
200.51.43.5,192.168.1.91,2024-05-07T23:01:10.295570+0200,53,1028,UDP
200.51.43.5,192.168.1.91,2024-05-07T23:01:10.295589+0200,53,4508,UDP
200.51.43.5,192.168.1.91,2024-05-07T23:01:10.298393+0200,53,4506,UDP
200.51.43.5,192.168.1.91,2024-05-07T23:01:10.298448+0200,53,4509,UDP
200.51.43.5,192.168.1.71,2024-05-07T23:01:10.308329+0200,53,3664,UDP
200.51.43.5,192.168.1.71,2024-05-07T23:01:10.312576+0200,53,3667,UDP
200.51.43.5,192.168.1.71,2024-05-07T23:01:10.312631+0200,53,3009,UDP
200.51.43.5,192.168.1.247,2024-05-07T23:01:10.326422+0200,53,2899,UDP
200.51.43.5,192.168.1.247,2024-05-07T23:01:10.326444+0200,53,3369,UDP
200.51.43.5,192.168.1.247,2024-05-07T23:01:10.349751+0200,53,1028,UDP
200.51.43.5,192.168.1.247,2024-05-07T23:01:10.353603+0200,53,1107,UDP
200.51.43.5,192.168.1.247,2024-05-07T23:01:10.353653+0200,53,2902,UDP
200.51.43.5,192.168.1.242,2024-05-07T23:01:10.369363+0200,53,3665,UDP
200.51.43.5,192.168.1.239,2024-05-07T23:01:10.389575+0200,53,1028,UDP
200.51.43.5,192.168.1.239,2024-05-07T23:01:10.392476+0200,53,2564,UDP
200.51.43.5,192.168.1.242,2024-05-07T23:01:10.399208+0200,53,1129,UDP
200.51.43.5,192.168.1.242,2024-05-07T23:01:10.400437+0200,53,3664,UDP
200.51.43.5,192.168.1.239,2024-05-07T23:01:10.411903+0200,53,4006,UDP
200.51.43.5,192.168.1.239,2024-05-07T23:01:10.413325+0200,53,1447,UDP
200.51.43.5,192.168.1.239,2024-05-07T23:01:10.414907+0200,53,3975,UDP
200.51.43.5,192.168.1.243,2024-05-07T23:01:10.543996+0200,53,1109,UDP
200.51.43.5,192.168.1.243,2024-05-07T23:01:10.567661+0200,53,1703,UDP
200.51.43.5,192.168.1.243,2024-05-07T23:01:10.569060+0200,53,3476,UDP
200.51.43.5,192.168.1.243,2024-05-07T23:01:10.583538+0200,53,2532,UDP
200.51.43.5,192.168.1.238,2024-05-07T23:01:10.640993+0200,53,3660,UDP
200.51.43.5,192.168.1.238,2024-05-07T23:01:10.642383+0200,53,3658,UDP
200.51.43.5,192.168.1.238,2024-05-07T23:01:10.643642+0200,53,1130,UDP
200.51.43.5,192.168.1.238,2024-05-07T23:01:10.648143+0200,53,3659,UDP
200.51.43.5,192.168.1.245,2024-05-07T23:01:10.684989+0200,53,3668,UDP
200.51.43.5,192.168.1.245,2024-05-07T23:01:10.689171+0200,53,3664,UDP
200.51.43.5,192.168.1.245,2024-05-07T23:01:10.713151+0200,53,1133,UDP
200.51.43.5,192.168.1.245,2024-05-07T23:01:10.713121+0200,53,3665,UDP
200.51.43.5,192.168.1.245,2024-05-07T23:01:10.714561+0200,53,3667,UDP
200.51.43.5,192.168.1.245,2024-05-07T23:01:10.714575+0200,53,1025,UDP
200.51.43.5,192.168.1.9,2024-05-07T23:01:10.930978+0200,53,3294,UDP
200.51.43.5,192.168.1.9,2024-05-07T23:01:10.930971+0200,53,3662,UDP
200.51.43.5,192.168.1.9,2024-05-07T23:01:10.931024+0200,53,3665,UDP
200.51.43.5,192.168.1.9,2024-05-07T23:01:10.947215+0200,53,3663,UDP
200.51.43.5,192.168.1.71,2024-05-07T23:01:11.021561+0200,53,3664,UDP
200.51.43.5,192.168.1.71,2024-05-07T23:01:11.021529+0200,53,3670,UDP
200.51.43.5,192.168.1.71,2024-05-07T23:01:11.021550+0200,53,3666,UDP
200.51.43.5,192.168.1.71,2024-05-07T23:01:11.021580+0200,53,3009,UDP
200.51.43.5,192.168.1.71,2024-05-07T23:01:11.021569+0200,53,3667,UDP
200.51.43.5,192.168.1.71,2024-05-07T23:01:11.021584+0200,53,3663,UDP
200.51.43.5,192.168.1.242,2024-05-07T23:01:11.038474+0200,53,3661,UDP
200.51.43.5,192.168.1.242,2024-05-07T23:01:11.042395+0200,53,3663,UDP
200.51.43.5,192.168.1.242,2024-05-07T23:01:11.043886+0200,53,3660,UDP
200.51.43.5,192.168.1.242,2024-05-07T23:01:11.046625+0200,53,3664,UDP
200.51.43.5,192.168.1.71,2024-05-07T23:01:11.058699+0200,53,3665,UDP
200.51.43.5,192.168.1.239,2024-05-07T23:01:11.143869+0200,53,3985,UDP
200.51.43.5,192.168.1.239,2024-05-07T23:01:11.145168+0200,53,1447,UDP
200.51.43.5,192.168.1.239,2024-05-07T23:01:11.146480+0200,53,2566,UDP
200.51.43.5,192.168.1.239,2024-05-07T23:01:11.171796+0200,53,3975,UDP
200.51.43.5,192.168.1.243,2024-05-07T23:01:11.242658+0200,53,2530,UDP
200.51.43.5,192.168.1.243,2024-05-07T23:01:11.245420+0200,53,3476,UDP
200.51.43.5,192.168.1.238,2024-05-07T23:01:11.345323+0200,53,3659,UDP
200.51.43.5,192.168.1.238,2024-05-07T23:01:11.350052+0200,53,3663,UDP
200.51.43.5,192.168.1.238,2024-05-07T23:01:11.351190+0200,53,1130,UDP
200.51.43.5,192.168.1.245,2024-05-07T23:01:11.379041+0200,53,3664,UDP
200.51.43.5,192.168.1.245,2024-05-07T23:01:11.380403+0200,53,3669,UDP
200.51.43.5,192.168.1.245,2024-05-07T23:01:11.383763+0200,53,3667,UDP
200.51.43.5,192.168.1.245,2024-05-07T23:01:11.384855+0200,53,1025,UDP
200.51.43.5,192.168.1.239,2024-05-07T23:01:11.484184+0200,53,3994,UDP
200.51.43.5,192.168.1.9,2024-05-07T23:01:11.638945+0200,53,3661,UDP
200.51.43.5,192.168.1.9,2024-05-07T23:01:11.638912+0200,53,3662,UDP
200.51.43.5,192.168.1.9,2024-05-07T23:01:11.639078+0200,53,3665,UDP
200.51.43.5,192.168.1.9,2024-05-07T23:01:11.639088+0200,53,3666,UDP
200.51.43.5,192.168.1.9,2024-05-07T23:01:11.639174+0200,53,3663,UDP
200.51.43.5,192.168.1.91,2024-05-07T23:01:11.668903+0200,53,4507,UDP
200.51.43.5,192.168.1.91,2024-05-07T23:01:11.668919+0200,53,4509,UDP
200.51.43.5,192.168.1.71,2024-05-07T23:01:11.736814+0200,53,3009,UDP
200.51.43.5,192.168.1.71,2024-05-07T23:01:11.756122+0200,53,1029,UDP
200.51.43.5,192.168.1.71,2024-05-07T23:01:11.756144+0200,53,3668,UDP
200.51.43.5,192.168.1.242,2024-05-07T23:01:11.790660+0200,53,3664,UDP
200.51.43.5,192.168.1.242,2024-05-07T23:01:11.793516+0200,53,1129,UDP
200.51.43.5,192.168.1.242,2024-05-07T23:01:11.794757+0200,53,3661,UDP
200.51.43.5,192.168.1.242,2024-05-07T23:01:11.794731+0200,53,3662,UDP
200.51.43.5,192.168.1.242,2024-05-07T23:01:11.794840+0200,53,3667,UDP
200.51.43.5,192.168.1.242,2024-05-07T23:01:11.820254+0200,53,3663,UDP
200.51.43.5,192.168.1.242,2024-05-07T23:01:11.821393+0200,53,3666,UDP
200.51.43.5,192.168.1.242,2024-05-07T23:01:11.821584+0200,53,3660,UDP
200.51.43.5,192.168.1.243,2024-05-07T23:01:11.921735+0200,53,2532,UDP
200.51.43.5,192.168.1.243,2024-05-07T23:01:11.922952+0200,53,1028,UDP
200.51.43.5,192.168.1.243,2024-05-07T23:01:11.924078+0200,53,3476,UDP
200.51.43.5,192.168.1.245,2024-05-07T23:01:12.050737+0200,53,3668,UDP
200.51.43.5,192.168.1.238,2024-05-07T23:01:12.082828+0200,53,3660,UDP
200.51.43.5,192.168.1.238,2024-05-07T23:01:12.084020+0200,53,3657,UDP
200.51.43.5,192.168.1.238,2024-05-07T23:01:12.085261+0200,53,3656,UDP
200.51.43.5,192.168.1.238,2024-05-07T23:01:12.085257+0200,53,3659,UDP
200.51.43.5,192.168.1.238,2024-05-07T23:01:12.086415+0200,53,3661,UDP
200.51.43.5,192.168.1.9,2024-05-07T23:01:12.299599+0200,53,3660,UDP
200.51.43.5,192.168.1.9,2024-05-07T23:01:12.299612+0200,53,3661,UDP
200.51.43.5,192.168.1.9,2024-05-07T23:01:12.319893+0200,53,3673,UDP
200.51.43.5,192.168.1.9,2024-05-07T23:01:12.319872+0200,53,3666,UDP
200.51.43.5,192.168.1.9,2024-05-07T23:01:12.319831+0200,53,3294,UDP
200.51.43.5,192.168.1.9,2024-05-07T23:01:12.321238+0200,53,3664,UDP
200.51.43.5,192.168.1.91,2024-05-07T23:01:12.335124+0200,53,2666,UDP
200.51.43.5,192.168.1.91,2024-05-07T23:01:12.335103+0200,53,4507,UDP
200.51.43.5,192.168.1.91,2024-05-07T23:01:12.335135+0200,53,1152,UDP
200.51.43.5,192.168.1.91,2024-05-07T23:01:12.335175+0200,53,4509,UDP
200.51.43.5,192.168.1.71,2024-05-07T23:01:12.414031+0200,53,3670,UDP
200.51.43.5,192.168.1.71,2024-05-07T23:01:12.414039+0200,53,3666,UDP
200.51.43.5,192.168.1.71,2024-05-07T23:01:12.414094+0200,53,3669,UDP
200.51.43.5,192.168.1.71,2024-05-07T23:01:12.431656+0200,53,3663,UDP
200.51.43.5,192.168.1.242,2024-05-07T23:01:12.486438+0200,53,3662,UDP
200.51.43.5,192.168.1.242,2024-05-07T23:01:12.511776+0200,53,3665,UDP
200.51.43.5,192.168.1.242,2024-05-07T23:01:12.513116+0200,53,3661,UDP
200.51.43.5,192.168.1.243,2024-05-07T23:01:12.647537+0200,53,2532,UDP
200.51.43.5,192.168.1.243,2024-05-07T23:01:12.650261+0200,53,3476,UDP
200.51.43.5,192.168.1.243,2024-05-07T23:01:12.671929+0200,53,1028,UDP
200.51.43.5,192.168.1.243,2024-05-07T23:01:12.675542+0200,53,2530,UDP
200.51.43.5,192.168.1.245,2024-05-07T23:01:12.744747+0200,53,3665,UDP
200.51.43.5,192.168.1.245,2024-05-07T23:01:12.747361+0200,53,3663,UDP
200.51.43.5,192.168.1.245,2024-05-07T23:01:12.778354+0200,53,3664,UDP
200.51.43.5,192.168.1.245,2024-05-07T23:01:12.778372+0200,53,3666,UDP
200.51.43.5,192.168.1.238,2024-05-07T23:01:12.834419+0200,53,3662,UDP
200.51.43.5,192.168.1.238,2024-05-07T23:01:12.835552+0200,53,3657,UDP
200.51.43.5,192.168.1.238,2024-05-07T23:01:12.838017+0200,53,3658,UDP
200.51.43.5,192.168.1.238,2024-05-07T23:01:12.867352+0200,53,3661,UDP
200.51.43.5,192.168.1.9,2024-05-07T23:01:13.005462+0200,53,3294,UDP
200.51.43.5,192.168.1.9,2024-05-07T23:01:13.021113+0200,53,1031,UDP
200.51.43.5,192.168.1.9,2024-05-07T23:01:13.026467+0200,53,3660,UDP
200.51.43.5,192.168.1.91,2024-05-07T23:01:13.081290+0200,53,4508,UDP
200.51.43.5,192.168.1.91,2024-05-07T23:01:13.081281+0200,53,1028,UDP
200.51.43.5,192.168.1.91,2024-05-07T23:01:13.099294+0200,53,4506,UDP
200.51.43.5,192.168.1.91,2024-05-07T23:01:13.101843+0200,53,2666,UDP
200.51.43.5,192.168.1.71,2024-05-07T23:01:13.144527+0200,53,3670,UDP
200.51.43.5,192.168.1.71,2024-05-07T23:01:13.144575+0200,53,3664,UDP
200.51.43.5,192.168.1.71,2024-05-07T23:01:13.144567+0200,53,1029,UDP
200.51.43.5,192.168.1.242,2024-05-07T23:01:13.193695+0200,53,1129,UDP
200.51.43.5,192.168.1.242,2024-05-07T23:01:13.219896+0200,53,3663,UDP
200.51.43.5,192.168.1.242,2024-05-07T23:01:13.222850+0200,53,3667,UDP
200.51.43.5,192.168.1.242,2024-05-07T23:01:13.224005+0200,53,3661,UDP
200.51.43.5,192.168.1.245,2024-05-07T23:01:13.444103+0200,53,3663,UDP
200.51.43.5,192.168.1.245,2024-05-07T23:01:13.446700+0200,53,1133,UDP
200.51.43.5,192.168.1.238,2024-05-07T23:01:13.553377+0200,53,3659,UDP
200.51.43.5,192.168.1.238,2024-05-07T23:01:13.557863+0200,53,3663,UDP
200.51.43.5,192.168.1.238,2024-05-07T23:01:13.577317+0200,53,1025,UDP
200.51.43.5,192.168.1.238,2024-05-07T23:01:13.579495+0200,53,1130,UDP
200.51.43.5,192.168.1.238,2024-05-07T23:01:13.580695+0200,53,3657,UDP
200.51.43.5,192.168.1.9,2024-05-07T23:01:13.660054+0200,53,3294,UDP
200.51.43.5,192.168.1.9,2024-05-07T23:01:13.678128+0200,53,3661,UDP
200.51.43.5,192.168.1.9,2024-05-07T23:01:13.681783+0200,53,3665,UDP
200.51.43.5,192.168.1.9,2024-05-07T23:01:13.681803+0200,53,3664,UDP
200.51.43.5,192.168.1.91,2024-05-07T23:01:13.736584+0200,53,1028,UDP
200.51.43.5,192.168.1.91,2024-05-07T23:01:13.736548+0200,53,4648,UDP
200.51.43.5,192.168.1.91,2024-05-07T23:01:13.736605+0200,53,4506,UDP
200.51.43.5,192.168.1.91,2024-05-07T23:01:13.736564+0200,53,4507,UDP
200.51.43.5,192.168.1.91,2024-05-07T23:01:13.759791+0200,53,1152,UDP
200.51.43.5,192.168.1.91,2024-05-07T23:01:13.760134+0200,53,2675,UDP
200.51.43.5,192.168.1.91,2024-05-07T23:01:13.766329+0200,53,2666,UDP
200.51.43.5,192.168.1.243,2024-05-07T23:01:13.770857+0200,53,2533,UDP
200.51.43.5,192.168.1.243,2024-05-07T23:01:13.770923+0200,53,3488,UDP
200.51.43.5,192.168.1.243,2024-05-07T23:01:13.772253+0200,53,2529,UDP
200.51.43.5,192.168.1.243,2024-05-07T23:01:13.775204+0200,53,1109,UDP
200.51.43.5,192.168.1.71,2024-05-07T23:01:13.827545+0200,53,3667,UDP
200.51.43.5,192.168.1.71,2024-05-07T23:01:13.827598+0200,53,3669,UDP
200.51.43.5,192.168.1.71,2024-05-07T23:01:13.827552+0200,53,3668,UDP
200.51.43.5,192.168.1.71,2024-05-07T23:01:13.827591+0200,53,3663,UDP
200.51.43.5,192.168.1.71,2024-05-07T23:01:13.858086+0200,53,3665,UDP
200.51.43.5,192.168.1.242,2024-05-07T23:01:13.894534+0200,53,3664,UDP
200.51.43.5,192.168.1.242,2024-05-07T23:01:13.897454+0200,53,3660,UDP
200.51.43.5,192.168.1.242,2024-05-07T23:01:13.897700+0200,53,3667,UDP
200.51.43.5,192.168.1.242,2024-05-07T23:01:13.898846+0200,53,3661,UDP
200.51.43.5,192.168.1.242,2024-05-07T23:01:13.923729+0200,53,3665,UDP
200.51.43.5,192.168.1.245,2024-05-07T23:01:14.165521+0200,53,3667,UDP
200.51.43.5,192.168.1.238,2024-05-07T23:01:14.262128+0200,53,3656,UDP
200.51.43.5,192.168.1.238,2024-05-07T23:01:14.291708+0200,53,3662,UDP
200.51.43.5,192.168.1.9,2024-05-07T23:01:14.425205+0200,53,1031,UDP
200.51.43.5,192.168.1.9,2024-05-07T23:01:14.426328+0200,53,3662,UDP
200.51.43.5,192.168.1.91,2024-05-07T23:01:14.438906+0200,53,2675,UDP
200.51.43.5,192.168.1.91,2024-05-07T23:01:14.438890+0200,53,1028,UDP
200.51.43.5,192.168.1.91,2024-05-07T23:01:14.438883+0200,53,4510,UDP
200.51.43.5,192.168.1.91,2024-05-07T23:01:14.460060+0200,53,4509,UDP
200.51.43.5,192.168.1.243,2024-05-07T23:01:14.498658+0200,53,1703,UDP
200.51.43.5,192.168.1.243,2024-05-07T23:01:14.498679+0200,53,2532,UDP
200.51.43.5,192.168.1.243,2024-05-07T23:01:14.504513+0200,53,2530,UDP
200.51.43.5,192.168.1.243,2024-05-07T23:01:14.504496+0200,53,1109,UDP
200.51.43.5,192.168.1.243,2024-05-07T23:01:14.525741+0200,53,3476,UDP
200.51.43.5,192.168.1.71,2024-05-07T23:01:14.535730+0200,53,3667,UDP
200.51.43.5,192.168.1.71,2024-05-07T23:01:14.537061+0200,53,3666,UDP
200.51.43.5,192.168.1.71,2024-05-07T23:01:14.537078+0200,53,3670,UDP
200.51.43.5,192.168.1.242,2024-05-07T23:01:14.584661+0200,53,3660,UDP
200.51.43.5,192.168.1.242,2024-05-07T23:01:14.588061+0200,53,3663,UDP
200.51.43.5,192.168.1.242,2024-05-07T23:01:14.588478+0200,53,1025,UDP
200.51.43.5,192.168.1.242,2024-05-07T23:01:14.589895+0200,53,3665,UDP
200.51.43.5,192.168.1.242,2024-05-07T23:01:14.607721+0200,53,1129,UDP
200.51.43.5,192.168.1.242,2024-05-07T23:01:14.608976+0200,53,3667,UDP
200.51.43.5,192.168.1.245,2024-05-07T23:01:14.856380+0200,53,3664,UDP
200.51.43.5,192.168.1.245,2024-05-07T23:01:14.857493+0200,53,3665,UDP
200.51.43.5,192.168.1.245,2024-05-07T23:01:14.861206+0200,53,3667,UDP
200.51.43.5,192.168.1.245,2024-05-07T23:01:14.861427+0200,53,3669,UDP
200.51.43.5,192.168.1.238,2024-05-07T23:01:14.980462+0200,53,3661,UDP
200.51.43.5,192.168.1.238,2024-05-07T23:01:14.981731+0200,53,3660,UDP
200.51.43.5,192.168.1.238,2024-05-07T23:01:14.991228+0200,53,3657,UDP
200.51.43.5,192.168.1.9,2024-05-07T23:01:15.085327+0200,53,3665,UDP
200.51.43.5,192.168.1.9,2024-05-07T23:01:15.093259+0200,53,3660,UDP
200.51.43.5,192.168.1.91,2024-05-07T23:01:15.105447+0200,53,4508,UDP
200.51.43.5,192.168.1.91,2024-05-07T23:01:15.123939+0200,53,2666,UDP
200.51.43.5,192.168.1.91,2024-05-07T23:01:15.123979+0200,53,4648,UDP
200.51.43.5,192.168.1.91,2024-05-07T23:01:15.127911+0200,53,1152,UDP
200.51.43.5,192.168.1.243,2024-05-07T23:01:15.179820+0200,53,2532,UDP
200.51.43.5,192.168.1.243,2024-05-07T23:01:15.179594+0200,53,1109,UDP
200.51.43.5,192.168.1.243,2024-05-07T23:01:15.180092+0200,53,1028,UDP
200.51.43.5,192.168.1.71,2024-05-07T23:01:15.179859+0200,53,3666,UDP
200.51.43.5,192.168.1.243,2024-05-07T23:01:15.181736+0200,53,3488,UDP
200.51.43.5,192.168.1.243,2024-05-07T23:01:15.182951+0200,53,2530,UDP
200.51.43.5,192.168.1.243,2024-05-07T23:01:15.183005+0200,53,2529,UDP
200.51.43.5,192.168.1.243,2024-05-07T23:01:15.187009+0200,53,3476,UDP
200.51.43.5,192.168.1.71,2024-05-07T23:01:15.210517+0200,53,3664,UDP
200.51.43.5,192.168.1.71,2024-05-07T23:01:15.213241+0200,53,3663,UDP
200.51.43.5,192.168.1.71,2024-05-07T23:01:15.213273+0200,53,3669,UDP
200.51.43.5,192.168.1.243,2024-05-07T23:01:15.217367+0200,53,2533,UDP
200.51.43.5,192.168.1.242,2024-05-07T23:01:15.285891+0200,53,1025,UDP
200.51.43.5,192.168.1.242,2024-05-07T23:01:15.287031+0200,53,3664,UDP
200.51.43.5,192.168.1.242,2024-05-07T23:01:15.288295+0200,53,3665,UDP
200.51.43.5,192.168.1.242,2024-05-07T23:01:15.289559+0200,53,3660,UDP
200.51.43.5,192.168.1.242,2024-05-07T23:01:15.312369+0200,53,3666,UDP
200.51.43.5,192.168.1.242,2024-05-07T23:01:15.313831+0200,53,3663,UDP
200.51.43.5,192.168.1.242,2024-05-07T23:01:15.316771+0200,53,3661,UDP
200.51.43.5,192.168.1.245,2024-05-07T23:01:15.558571+0200,53,3668,UDP
200.51.43.5,192.168.1.245,2024-05-07T23:01:15.563216+0200,53,1133,UDP
200.51.43.5,192.168.1.245,2024-05-07T23:01:15.564320+0200,53,3662,UDP
200.51.43.5,192.168.1.245,2024-05-07T23:01:15.579198+0200,53,3666,UDP
200.51.43.5,192.168.1.238,2024-05-07T23:01:15.666477+0200,53,3656,UDP
200.51.43.5,192.168.1.238,2024-05-07T23:01:15.667802+0200,53,3661,UDP
200.51.43.5,192.168.1.238,2024-05-07T23:01:15.667960+0200,53,3659,UDP
200.51.43.5,192.168.1.238,2024-05-07T23:01:15.696879+0200,53,3663,UDP
200.51.43.5,192.168.1.9,2024-05-07T23:01:15.778709+0200,53,3666,UDP
200.51.43.5,192.168.1.9,2024-05-07T23:01:15.778880+0200,53,3294,UDP
200.51.43.5,192.168.1.9,2024-05-07T23:01:15.778680+0200,53,1031,UDP
200.51.43.5,192.168.1.9,2024-05-07T23:01:15.778672+0200,53,3664,UDP
200.51.43.5,192.168.1.9,2024-05-07T23:01:15.800702+0200,53,3665,UDP
200.51.43.5,192.168.1.91,2024-05-07T23:01:15.810813+0200,53,4648,UDP
200.51.43.5,192.168.1.71,2024-05-07T23:01:15.840012+0200,53,3665,UDP
200.51.43.5,192.168.1.243,2024-05-07T23:01:15.864935+0200,53,2533,UDP
200.51.43.5,192.168.1.243,2024-05-07T23:01:15.887258+0200,53,3476,UDP
200.51.43.5,192.168.1.243,2024-05-07T23:01:15.889984+0200,53,2530,UDP
200.51.43.5,192.168.1.242,2024-05-07T23:01:15.955581+0200,53,3665,UDP
200.51.43.5,192.168.1.242,2024-05-07T23:01:15.959447+0200,53,3666,UDP
200.51.43.5,192.168.1.242,2024-05-07T23:01:15.960762+0200,53,3661,UDP
200.51.43.5,192.168.1.242,2024-05-07T23:01:15.989016+0200,53,3662,UDP
200.51.43.5,192.168.1.242,2024-05-07T23:01:15.990318+0200,53,1129,UDP
200.51.43.5,192.168.1.245,2024-05-07T23:01:16.302601+0200,53,3662,UDP
200.51.43.5,192.168.1.245,2024-05-07T23:01:16.305284+0200,53,1025,UDP
200.51.43.5,192.168.1.245,2024-05-07T23:01:16.331595+0200,53,3666,UDP
200.51.43.5,192.168.1.238,2024-05-07T23:01:16.437067+0200,53,3661,UDP
200.51.43.5,192.168.1.238,2024-05-07T23:01:16.439587+0200,53,3662,UDP
200.51.43.5,192.168.1.238,2024-05-07T23:01:16.440877+0200,53,3657,UDP
200.51.43.5,192.168.1.238,2024-05-07T23:01:16.461417+0200,53,3658,UDP
200.51.43.5,192.168.1.238,2024-05-07T23:01:16.463870+0200,53,1025,UDP
200.51.43.5,192.168.1.238,2024-05-07T23:01:16.465178+0200,53,3656,UDP
200.51.43.5,192.168.1.9,2024-05-07T23:01:16.608313+0200,53,3662,UDP
200.51.43.5,192.168.1.9,2024-05-07T23:01:16.608177+0200,53,3666,UDP
200.51.43.5,192.168.1.9,2024-05-07T23:01:16.608078+0200,53,3661,UDP
200.51.43.5,192.168.1.9,2024-05-07T23:01:16.608255+0200,53,3294,UDP
200.51.43.5,192.168.1.91,2024-05-07T23:01:16.619404+0200,53,2675,UDP
200.51.43.5,192.168.1.91,2024-05-07T23:01:16.619326+0200,53,4510,UDP
200.51.43.5,192.168.1.91,2024-05-07T23:01:16.619387+0200,53,4509,UDP
200.51.43.5,192.168.1.9,2024-05-07T23:01:16.635792+0200,53,1031,UDP
200.51.43.5,192.168.1.243,2024-05-07T23:01:16.642839+0200,53,1028,UDP
200.51.43.5,192.168.1.243,2024-05-07T23:01:16.648183+0200,53,2530,UDP
200.51.43.5,192.168.1.71,2024-05-07T23:01:16.666896+0200,53,3668,UDP
200.51.43.5,192.168.1.71,2024-05-07T23:01:16.666973+0200,53,3670,UDP
200.51.43.5,192.168.1.71,2024-05-07T23:01:16.666909+0200,53,3666,UDP
200.51.43.5,192.168.1.71,2024-05-07T23:01:16.666992+0200,53,3669,UDP
200.51.43.5,192.168.1.243,2024-05-07T23:01:16.681104+0200,53,1703,UDP
200.51.43.5,192.168.1.71,2024-05-07T23:01:16.694467+0200,53,3665,UDP
200.51.43.5,192.168.1.242,2024-05-07T23:01:16.757796+0200,53,3660,UDP
200.51.43.5,192.168.1.242,2024-05-07T23:01:16.787425+0200,53,3666,UDP
200.51.43.5,192.168.1.242,2024-05-07T23:01:16.787442+0200,53,3662,UDP
200.51.43.5,192.168.1.245,2024-05-07T23:01:17.049961+0200,53,3669,UDP
200.51.43.5,192.168.1.238,2024-05-07T23:01:17.161374+0200,53,3658,UDP
200.51.43.5,192.168.1.238,2024-05-07T23:01:17.183453+0200,53,3661,UDP
200.51.43.5,192.168.1.9,2024-05-07T23:01:17.297615+0200,53,3664,UDP
200.51.43.5,192.168.1.9,2024-05-07T23:01:17.297724+0200,53,3663,UDP
200.51.43.5,192.168.1.91,2024-05-07T23:01:17.303544+0200,53,4508,UDP
200.51.43.5,192.168.1.91,2024-05-07T23:01:17.303556+0200,53,4506,UDP
200.51.43.5,192.168.1.91,2024-05-07T23:01:17.303526+0200,53,4509,UDP
200.51.43.5,192.168.1.9,2024-05-07T23:01:17.325573+0200,53,3661,UDP
200.51.43.5,192.168.1.9,2024-05-07T23:01:17.328170+0200,53,3660,UDP
200.51.43.5,192.168.1.9,2024-05-07T23:01:17.330766+0200,53,3666,UDP
200.51.43.5,192.168.1.91,2024-05-07T23:01:17.332293+0200,53,2675,UDP
200.51.43.5,192.168.1.91,2024-05-07T23:01:17.332305+0200,53,2666,UDP
200.51.43.5,192.168.1.91,2024-05-07T23:01:17.332403+0200,53,1152,UDP
200.51.43.5,192.168.1.91,2024-05-07T23:01:17.334611+0200,53,1028,UDP
200.51.43.5,192.168.1.91,2024-05-07T23:01:17.334647+0200,53,4648,UDP
200.51.43.5,192.168.1.243,2024-05-07T23:01:17.344828+0200,53,3488,UDP
200.51.43.5,192.168.1.71,2024-05-07T23:01:17.389537+0200,53,3669,UDP
200.51.43.5,192.168.1.71,2024-05-07T23:01:17.389564+0200,53,3664,UDP
200.51.43.5,192.168.1.71,2024-05-07T23:01:17.389510+0200,53,3668,UDP
200.51.43.5,192.168.1.71,2024-05-07T23:01:17.414426+0200,53,1029,UDP
200.51.43.5,192.168.1.71,2024-05-07T23:01:17.414453+0200,53,3663,UDP
200.51.43.5,192.168.1.71,2024-05-07T23:01:17.414468+0200,53,3665,UDP
200.51.43.5,192.168.1.243,2024-05-07T23:01:17.470945+0200,53,2733,UDP
200.51.43.5,192.168.1.242,2024-05-07T23:01:17.473711+0200,53,3664,UDP
200.51.43.5,192.168.1.245,2024-05-07T23:01:17.734432+0200,53,3668,UDP
200.51.43.5,192.168.1.245,2024-05-07T23:01:17.736031+0200,53,3664,UDP
200.51.43.5,192.168.1.245,2024-05-07T23:01:17.753790+0200,53,3662,UDP
200.51.43.5,192.168.1.245,2024-05-07T23:01:17.754917+0200,53,1133,UDP
200.51.43.5,192.168.1.245,2024-05-07T23:01:17.760255+0200,53,3666,UDP
200.51.43.5,192.168.1.238,2024-05-07T23:01:17.898230+0200,53,1025,UDP
200.51.43.5,192.168.1.238,2024-05-07T23:01:17.903408+0200,53,3659,UDP
200.51.43.5,192.168.1.238,2024-05-07T23:01:17.905190+0200,53,3663,UDP
200.51.43.5,192.168.1.91,2024-05-07T23:01:18.004396+0200,53,4506,UDP
200.51.43.5,192.168.1.91,2024-05-07T23:01:18.005702+0200,53,1152,UDP
200.51.43.5,192.168.1.91,2024-05-07T23:01:18.005689+0200,53,2666,UDP
200.51.43.5,192.168.1.91,2024-05-07T23:01:18.029399+0200,53,1028,UDP
200.51.43.5,192.168.1.91,2024-05-07T23:01:18.029422+0200,53,4510,UDP
200.51.43.5,192.168.1.9,2024-05-07T23:01:18.038704+0200,53,3662,UDP
200.51.43.5,192.168.1.243,2024-05-07T23:01:18.074811+0200,53,2530,UDP
200.51.43.5,192.168.1.71,2024-05-07T23:01:18.088230+0200,53,3666,UDP
200.51.43.5,192.168.1.243,2024-05-07T23:01:18.099837+0200,53,2533,UDP
200.51.43.5,192.168.1.243,2024-05-07T23:01:18.103974+0200,53,3476,UDP
200.51.43.5,192.168.1.71,2024-05-07T23:01:18.114539+0200,53,3663,UDP
200.51.43.5,192.168.1.71,2024-05-07T23:01:18.114583+0200,53,3670,UDP
200.51.43.5,192.168.1.242,2024-05-07T23:01:18.283332+0200,53,3663,UDP
200.51.43.5,192.168.1.242,2024-05-07T23:01:18.284915+0200,53,3661,UDP
200.51.43.5,192.168.1.242,2024-05-07T23:01:18.285046+0200,53,3664,UDP
200.51.43.5,192.168.1.242,2024-05-07T23:01:18.286499+0200,53,3662,UDP
200.51.43.5,192.168.1.242,2024-05-07T23:01:18.317878+0200,53,3665,UDP
200.51.43.5,192.168.1.245,2024-05-07T23:01:18.541732+0200,53,3663,UDP
200.51.43.5,192.168.1.245,2024-05-07T23:01:18.547543+0200,53,3667,UDP
200.51.43.5,192.168.1.238,2024-05-07T23:01:18.619871+0200,53,3661,UDP
200.51.43.5,192.168.1.238,2024-05-07T23:01:18.626544+0200,53,3663,UDP
200.51.43.5,192.168.1.238,2024-05-07T23:01:18.651943+0200,53,3660,UDP
200.51.43.5,192.168.1.238,2024-05-07T23:01:18.654543+0200,53,3658,UDP
200.51.43.5,192.168.1.238,2024-05-07T23:01:18.658678+0200,53,3659,UDP
200.51.43.5,192.168.1.9,2024-05-07T23:01:18.769330+0200,53,3294,UDP
200.51.43.5,192.168.1.9,2024-05-07T23:01:18.769350+0200,53,1031,UDP
200.51.43.5,192.168.1.9,2024-05-07T23:01:18.769371+0200,53,3665,UDP
200.51.43.5,192.168.1.9,2024-05-07T23:01:18.769358+0200,53,3664,UDP
200.51.43.5,192.168.1.9,2024-05-07T23:01:18.769340+0200,53,3673,UDP
200.51.43.5,192.168.1.9,2024-05-07T23:01:18.792125+0200,53,3666,UDP
200.51.43.5,192.168.1.91,2024-05-07T23:01:18.800325+0200,53,4510,UDP
200.51.43.5,192.168.1.91,2024-05-07T23:01:18.800313+0200,53,2666,UDP
200.51.43.5,192.168.1.91,2024-05-07T23:01:18.800296+0200,53,4509,UDP
200.51.43.5,192.168.1.91,2024-05-07T23:01:18.800307+0200,53,4507,UDP
200.51.43.5,192.168.1.91,2024-05-07T23:01:18.822101+0200,53,4648,UDP
200.51.43.5,192.168.1.71,2024-05-07T23:01:18.872779+0200,53,3665,UDP
200.51.43.5,192.168.1.243,2024-05-07T23:01:18.880699+0200,53,2530,UDP
200.51.43.5,192.168.1.71,2024-05-07T23:01:18.910071+0200,53,3669,UDP
200.51.43.5,192.168.1.71,2024-05-07T23:01:18.911411+0200,53,3009,UDP
200.51.43.5,192.168.1.243,2024-05-07T23:01:18.914462+0200,53,2533,UDP
200.51.43.5,192.168.1.242,2024-05-07T23:01:19.068076+0200,53,3664,UDP
200.51.43.5,192.168.1.245,2024-05-07T23:01:19.276342+0200,53,1133,UDP
200.51.43.5,192.168.1.245,2024-05-07T23:01:19.276255+0200,53,3664,UDP
200.51.43.5,192.168.1.245,2024-05-07T23:01:19.276628+0200,53,3668,UDP
200.51.43.5,192.168.1.245,2024-05-07T23:01:19.277761+0200,53,3663,UDP
200.51.43.5,192.168.1.245,2024-05-07T23:01:19.301312+0200,53,1025,UDP
200.51.43.5,192.168.1.245,2024-05-07T23:01:19.305243+0200,53,3665,UDP
200.51.43.5,192.168.1.238,2024-05-07T23:01:19.368072+0200,53,1130,UDP
200.51.43.5,192.168.1.238,2024-05-07T23:01:19.369632+0200,53,3656,UDP
200.51.43.5,192.168.1.238,2024-05-07T23:01:19.369896+0200,53,1025,UDP
200.51.43.5,192.168.1.9,2024-05-07T23:01:19.498281+0200,53,3666,UDP
200.51.43.5,192.168.1.9,2024-05-07T23:01:19.498131+0200,53,3673,UDP
200.51.43.5,192.168.1.9,2024-05-07T23:01:19.518514+0200,53,1031,UDP
200.51.43.5,192.168.1.9,2024-05-07T23:01:19.518548+0200,53,3661,UDP
200.51.43.5,192.168.1.9,2024-05-07T23:01:19.522860+0200,53,3664,UDP
200.51.43.5,192.168.1.91,2024-05-07T23:01:19.561821+0200,53,4506,UDP
200.51.43.5,192.168.1.91,2024-05-07T23:01:19.561838+0200,53,1028,UDP
200.51.43.5,192.168.1.91,2024-05-07T23:01:19.565268+0200,53,4648,UDP
200.51.43.5,192.168.1.243,2024-05-07T23:01:19.631945+0200,53,2530,UDP
200.51.43.5,192.168.1.243,2024-05-07T23:01:19.633160+0200,53,3488,UDP
200.51.43.5,192.168.1.243,2024-05-07T23:01:19.633146+0200,53,2532,UDP
200.51.43.5,192.168.1.243,2024-05-07T23:01:19.664339+0200,53,3476,UDP
200.51.43.5,192.168.1.243,2024-05-07T23:01:19.668791+0200,53,2533,UDP
200.51.43.5,192.168.1.71,2024-05-07T23:01:19.670062+0200,53,3664,UDP
200.51.43.5,192.168.1.71,2024-05-07T23:01:19.670019+0200,53,3666,UDP
200.51.43.5,192.168.1.71,2024-05-07T23:01:19.670101+0200,53,3670,UDP
200.51.43.5,192.168.1.71,2024-05-07T23:01:19.670118+0200,53,3663,UDP
200.51.43.5,192.168.1.71,2024-05-07T23:01:19.690564+0200,53,3667,UDP
200.51.43.5,192.168.1.71,2024-05-07T23:01:19.690627+0200,53,3665,UDP
200.51.43.5,192.168.1.71,2024-05-07T23:01:19.695534+0200,53,3009,UDP
200.51.43.5,192.168.1.242,2024-05-07T23:01:19.854780+0200,53,1129,UDP
200.51.43.5,192.168.1.242,2024-05-07T23:01:19.856086+0200,53,3664,UDP
200.51.43.5,192.168.1.242,2024-05-07T23:01:19.858572+0200,53,3666,UDP
200.51.43.5,192.168.1.242,2024-05-07T23:01:19.859827+0200,53,3662,UDP
200.51.43.5,192.168.1.242,2024-05-07T23:01:19.880640+0200,53,3663,UDP
200.51.43.5,192.168.1.245,2024-05-07T23:01:20.008854+0200,53,3663,UDP
200.51.43.5,192.168.1.245,2024-05-07T23:01:20.011598+0200,53,3666,UDP
200.51.43.5,192.168.1.245,2024-05-07T23:01:20.029050+0200,53,3667,UDP
200.51.43.5,192.168.1.245,2024-05-07T23:01:20.033704+0200,53,3665,UDP
200.51.43.5,192.168.1.238,2024-05-07T23:01:20.090580+0200,53,3657,UDP
200.51.43.5,192.168.1.238,2024-05-07T23:01:20.121291+0200,53,3659,UDP
200.51.43.5,192.168.1.9,2024-05-07T23:01:20.206301+0200,53,3673,UDP
200.51.43.5,192.168.1.9,2024-05-07T23:01:20.206390+0200,53,3665,UDP
200.51.43.5,192.168.1.9,2024-05-07T23:01:20.206375+0200,53,3294,UDP
200.51.43.5,192.168.1.9,2024-05-07T23:01:20.220985+0200,53,1031,UDP
200.51.43.5,192.168.1.91,2024-05-07T23:01:20.290285+0200,53,4507,UDP
200.51.43.5,192.168.1.91,2024-05-07T23:01:20.290303+0200,53,4508,UDP
200.51.43.5,192.168.1.91,2024-05-07T23:01:20.313279+0200,53,1152,UDP
200.51.43.5,192.168.1.91,2024-05-07T23:01:20.314576+0200,53,1028,UDP
200.51.43.5,192.168.1.71,2024-05-07T23:01:20.336843+0200,53,3667,UDP
200.51.43.5,192.168.1.71,2024-05-07T23:01:20.352613+0200,53,3668,UDP
200.51.43.5,192.168.1.71,2024-05-07T23:01:20.358203+0200,53,3664,UDP
200.51.43.5,192.168.1.71,2024-05-07T23:01:20.358264+0200,53,3666,UDP
200.51.43.5,192.168.1.243,2024-05-07T23:01:20.370800+0200,53,2531,UDP
200.51.43.5,192.168.1.243,2024-05-07T23:01:20.377362+0200,53,2533,UDP
200.51.43.5,192.168.1.243,2024-05-07T23:01:20.396986+0200,53,2532,UDP
200.51.43.5,192.168.1.243,2024-05-07T23:01:20.398200+0200,53,2529,UDP
200.51.43.5,192.168.1.243,2024-05-07T23:01:20.399305+0200,53,1703,UDP
200.51.43.5,192.168.1.242,2024-05-07T23:01:20.526893+0200,53,3660,UDP
200.51.43.5,192.168.1.242,2024-05-07T23:01:20.546552+0200,53,1025,UDP
200.51.43.5,192.168.1.242,2024-05-07T23:01:20.547704+0200,53,3661,UDP
200.51.43.5,192.168.1.242,2024-05-07T23:01:20.550108+0200,53,3662,UDP
200.51.43.5,192.168.1.242,2024-05-07T23:01:20.551240+0200,53,3667,UDP
200.51.43.5,192.168.1.245,2024-05-07T23:01:20.667906+0200,53,1133,UDP
200.51.43.5,192.168.1.245,2024-05-07T23:01:20.672396+0200,53,3668,UDP
200.51.43.5,192.168.1.245,2024-05-07T23:01:20.691484+0200,53,3666,UDP
200.51.43.5,192.168.1.9,2024-05-07T23:01:20.866003+0200,53,1031,UDP
200.51.43.5,192.168.1.9,2024-05-07T23:01:20.885278+0200,53,3663,UDP
200.51.43.5,192.168.1.91,2024-05-07T23:01:20.902765+0200,53,4510,UDP
200.51.43.5,192.168.1.91,2024-05-07T23:01:20.902809+0200,53,4507,UDP
200.51.43.5,192.168.1.91,2024-05-07T23:01:20.917632+0200,53,4506,UDP
200.51.43.5,192.168.1.91,2024-05-07T23:01:20.922047+0200,53,4648,UDP
200.51.43.5,192.168.1.71,2024-05-07T23:01:20.945389+0200,53,3663,UDP
200.51.43.5,192.168.1.71,2024-05-07T23:01:20.945436+0200,53,3664,UDP
200.51.43.5,192.168.1.71,2024-05-07T23:01:20.945430+0200,53,3668,UDP
200.51.43.5,192.168.1.71,2024-05-07T23:01:20.966814+0200,53,3665,UDP
200.51.43.5,192.168.1.242,2024-05-07T23:01:21.143304+0200,53,1129,UDP
200.51.43.5,192.168.1.242,2024-05-07T23:01:21.143475+0200,53,3660,UDP
200.51.43.5,192.168.1.242,2024-05-07T23:01:21.144410+0200,53,3663,UDP
200.51.43.5,192.168.1.242,2024-05-07T23:01:21.148094+0200,53,3667,UDP
200.51.43.5,192.168.1.245,2024-05-07T23:01:21.251037+0200,53,1133,UDP
200.51.43.5,192.168.1.245,2024-05-07T23:01:21.253491+0200,53,3667,UDP
200.51.43.5,192.168.1.245,2024-05-07T23:01:21.258705+0200,53,3666,UDP
200.51.43.5,192.168.1.91,2024-05-07T23:01:21.472672+0200,53,1152,UDP
200.51.43.5,192.168.1.91,2024-05-07T23:01:21.472706+0200,53,1028,UDP
200.51.43.5,192.168.1.71,2024-05-07T23:01:21.519639+0200,53,3669,UDP
200.51.43.5,192.168.1.71,2024-05-07T23:01:21.519618+0200,53,3663,UDP
200.51.43.5,192.168.1.71,2024-05-07T23:01:21.532704+0200,53,1029,UDP
200.51.43.5,192.168.1.71,2024-05-07T23:01:21.533997+0200,53,3666,UDP
200.51.43.5,192.168.1.242,2024-05-07T23:01:21.713157+0200,53,3663,UDP
200.51.43.5,192.168.1.242,2024-05-07T23:01:21.738158+0200,53,1129,UDP
200.51.43.5,192.168.1.245,2024-05-07T23:01:21.821582+0200,53,3669,UDP
200.51.43.5,192.168.1.245,2024-05-07T23:01:21.823968+0200,53,3663,UDP
200.51.43.5,192.168.1.245,2024-05-07T23:01:21.825260+0200,53,1025,UDP
200.51.43.5,192.168.1.245,2024-05-07T23:01:21.826430+0200,53,1133,UDP
200.51.43.5,192.168.1.245,2024-05-07T23:01:22.303570+0200,53,3669,UDP
200.51.43.5,192.168.1.245,2024-05-07T23:01:22.306946+0200,53,3666,UDP
200.51.43.5,192.168.1.245,2024-05-07T23:01:22.319723+0200,53,3664,UDP
200.51.43.5,192.168.1.245,2024-05-07T23:01:22.322100+0200,53,3667,UDP
200.51.43.5,192.168.1.245,2024-05-07T23:01:22.323212+0200,53,3668,UDP
200.51.43.5,192.168.1.245,2024-05-07T23:01:22.324433+0200,53,1133,UDP
200.51.43.5,192.168.1.245,2024-05-07T23:01:22.766293+0200,53,3667,UDP
200.51.43.5,192.168.1.245,2024-05-07T23:01:22.766603+0200,53,3668,UDP
200.51.43.5,192.168.1.245,2024-05-07T23:01:22.767677+0200,53,3666,UDP
200.51.43.5,192.168.1.245,2024-05-07T23:01:22.768998+0200,53,3664,UDP
